<?xml version="1.0" encoding="UTF-8"?>
<office:document-content xmlns:office="urn:oasis:names:tc:opendocument:xmlns:office:1.0" xmlns:style="urn:oasis:names:tc:opendocument:xmlns:style:1.0" xmlns:text="urn:oasis:names:tc:opendocument:xmlns:text:1.0" xmlns:table="urn:oasis:names:tc:opendocument:xmlns:table:1.0" xmlns:draw="urn:oasis:names:tc:opendocument:xmlns:drawing:1.0" xmlns:fo="urn:oasis:names:tc:opendocument:xmlns:xsl-fo-compatible:1.0" xmlns:xlink="http://www.w3.org/1999/xlink" xmlns:dc="http://purl.org/dc/elements/1.1/" xmlns:meta="urn:oasis:names:tc:opendocument:xmlns:meta:1.0" xmlns:number="urn:oasis:names:tc:opendocument:xmlns:datastyle:1.0" xmlns:svg="urn:oasis:names:tc:opendocument:xmlns:svg-compatible:1.0" xmlns:chart="urn:oasis:names:tc:opendocument:xmlns:chart:1.0" xmlns:dr3d="urn:oasis:names:tc:opendocument:xmlns:dr3d:1.0" xmlns:math="http://www.w3.org/1998/Math/MathML" xmlns:form="urn:oasis:names:tc:opendocument:xmlns:form:1.0" xmlns:script="urn:oasis:names:tc:opendocument:xmlns:script:1.0" xmlns:ooo="http://openoffice.org/2004/office" xmlns:ooow="http://openoffice.org/2004/writer" xmlns:oooc="http://openoffice.org/2004/calc" xmlns:dom="http://www.w3.org/2001/xml-events" xmlns:xforms="http://www.w3.org/2002/xforms" xmlns:xsd="http://www.w3.org/2001/XMLSchema" xmlns:xsi="http://www.w3.org/2001/XMLSchema-instance" xmlns:rpt="http://openoffice.org/2005/report" xmlns:of="urn:oasis:names:tc:opendocument:xmlns:of:1.2" xmlns:xhtml="http://www.w3.org/1999/xhtml" xmlns:grddl="http://www.w3.org/2003/g/data-view#" xmlns:officeooo="http://openoffice.org/2009/office" xmlns:tableooo="http://openoffice.org/2009/table" xmlns:drawooo="http://openoffice.org/2010/draw" xmlns:calcext="urn:org:documentfoundation:names:experimental:calc:xmlns:calcext:1.0" xmlns:loext="urn:org:documentfoundation:names:experimental:office:xmlns:loext:1.0" xmlns:field="urn:openoffice:names:experimental:ooo-ms-interop:xmlns:field:1.0" xmlns:formx="urn:openoffice:names:experimental:ooxml-odf-interop:xmlns:form:1.0" xmlns:css3t="http://www.w3.org/TR/css3-text/" office:version="1.2"><office:scripts/><office:font-face-decls><style:font-face style:name="Lohit Devanagari1" svg:font-family="&apos;Lohit Devanagari&apos;"/><style:font-face style:name="Times New Roman" svg:font-family="&apos;Times New Roman&apos;" style:font-family-generic="roman"/><style:font-face style:name="Liberation Serif" svg:font-family="&apos;Liberation Serif&apos;" style:font-family-generic="roman" style:font-pitch="variable"/><style:font-face style:name="Liberation Sans" svg:font-family="&apos;Liberation Sans&apos;" style:font-family-generic="swiss" style:font-pitch="variable"/><style:font-face style:name="Lohit Devanagari" svg:font-family="&apos;Lohit Devanagari&apos;" style:font-family-generic="system" style:font-pitch="variable"/><style:font-face style:name="Noto Sans CJK SC Regular" svg:font-family="&apos;Noto Sans CJK SC Regular&apos;" style:font-family-generic="system" style:font-pitch="variable"/></office:font-face-decls><office:automatic-styles><style:style style:name="description_5f_table" style:display-name="description_table" style:family="table"><style:table-properties style:width="17cm" table:align="margins"/></style:style><style:style style:name="description_5f_table.A" style:display-name="description_table.A" style:family="table-column"><style:table-column-properties style:column-width="5.667cm" style:rel-column-width="21845*"/></style:style><style:style style:name="description_5f_table.A1" style:display-name="description_table.A1" style:family="table-cell"><style:table-cell-properties fo:padding="0.097cm" fo:border-left="0.05pt solid #000000" fo:border-right="none" fo:border-top="0.05pt solid #000000" fo:border-bottom="0.05pt solid #000000"/></style:style><style:style style:name="description_5f_table.C1" style:display-name="description_table.C1" style:family="table-cell"><style:table-cell-properties fo:padding="0.097cm" fo:border="0.05pt solid #000000"/></style:style><style:style style:name="description_5f_table.A2" style:display-name="description_table.A2" style:family="table-cell"><style:table-cell-properties fo:padding="0.097cm" fo:border-left="0.05pt solid #000000" fo:border-right="none" fo:border-top="none" fo:border-bottom="0.05pt solid #000000"/></style:style><style:style style:name="description_5f_table.C2" style:display-name="description_table.C2" style:family="table-cell"><style:table-cell-properties fo:padding="0.097cm" fo:border-left="0.05pt solid #000000" fo:border-right="0.05pt solid #000000" fo:border-top="none" fo:border-bottom="0.05pt solid #000000"/></style:style><style:style style:name="function_5f_table" style:display-name="function_table" style:family="table"><style:table-properties style:width="17cm" table:align="margins"/></style:style><style:style style:name="function_5f_table.A" style:display-name="function_table.A" style:family="table-column"><style:table-column-properties style:column-width="5.604cm" style:rel-column-width="21602*"/></style:style><style:style style:name="function_5f_table.B" style:display-name="function_table.B" style:family="table-column"><style:table-column-properties style:column-width="5.701cm" style:rel-column-width="21976*"/></style:style><style:style style:name="function_5f_table.C" style:display-name="function_table.C" style:family="table-column"><style:table-column-properties style:column-width="5.696cm" style:rel-column-width="21957*"/></style:style><style:style style:name="function_5f_table.A1" style:display-name="function_table.A1" style:family="table-cell"><style:table-cell-properties fo:padding="0.097cm" fo:border-left="0.05pt solid #000000" fo:border-right="none" fo:border-top="0.05pt solid #000000" fo:border-bottom="0.05pt solid #000000"/></style:style><style:style style:name="function_5f_table.C1" style:display-name="function_table.C1" style:family="table-cell"><style:table-cell-properties fo:padding="0.097cm" fo:border="0.05pt solid #000000"/></style:style><style:style style:name="function_5f_table.A2" style:display-name="function_table.A2" style:family="table-cell"><style:table-cell-properties fo:padding="0.097cm" fo:border-left="0.05pt solid #000000" fo:border-right="none" fo:border-top="none" fo:border-bottom="0.05pt solid #000000"/></style:style><style:style style:name="function_5f_table.C2" style:display-name="function_table.C2" style:family="table-cell"><style:table-cell-properties fo:padding="0.097cm" fo:border-left="0.05pt solid #000000" fo:border-right="0.05pt solid #000000" fo:border-top="none" fo:border-bottom="0.05pt solid #000000"/></style:style><style:style style:name="option_5f_table" style:display-name="option_table" style:family="table"><style:table-properties style:width="17cm" table:align="margins"/></style:style><style:style style:name="option_5f_table.A" style:display-name="option_table.A" style:family="table-column"><style:table-column-properties style:column-width="4.249cm" style:rel-column-width="16380*"/></style:style><style:style style:name="option_5f_table.B" style:display-name="option_table.B" style:family="table-column"><style:table-column-properties style:column-width="4.251cm" style:rel-column-width="16387*"/></style:style><style:style style:name="option_5f_table.C" style:display-name="option_table.C" style:family="table-column"><style:table-column-properties style:column-width="3.503cm" style:rel-column-width="13504*"/></style:style><style:style style:name="option_5f_table.D" style:display-name="option_table.D" style:family="table-column"><style:table-column-properties style:column-width="4.997cm" style:rel-column-width="19264*"/></style:style><style:style style:name="option_5f_table.A1" style:display-name="option_table.A1" style:family="table-cell"><style:table-cell-properties fo:padding="0.097cm" fo:border-left="0.05pt solid #000000" fo:border-right="none" fo:border-top="0.05pt solid #000000" fo:border-bottom="0.05pt solid #000000"/></style:style><style:style style:name="option_5f_table.D1" style:display-name="option_table.D1" style:family="table-cell"><style:table-cell-properties fo:padding="0.097cm" fo:border="0.05pt solid #000000"/></style:style><style:style style:name="option_5f_table.A2" style:display-name="option_table.A2" style:family="table-cell"><style:table-cell-properties fo:padding="0.097cm" fo:border-left="0.05pt solid #000000" fo:border-right="none" fo:border-top="none" fo:border-bottom="0.05pt solid #000000"/></style:style><style:style style:name="option_5f_table.D2" style:display-name="option_table.D2" style:family="table-cell"><style:table-cell-properties fo:padding="0.097cm" fo:border-left="0.05pt solid #000000" fo:border-right="0.05pt solid #000000" fo:border-top="none" fo:border-bottom="0.05pt solid #000000"/></style:style><style:style style:name="P1" style:family="paragraph" style:parent-style-name="Standard"><style:text-properties fo:language="en" fo:country="GB"/></style:style><style:style style:name="P2" style:family="paragraph" style:parent-style-name="Standard"><style:text-properties fo:language="en" fo:country="GB" officeooo:rsid="000df22f"/></style:style><style:style style:name="P3" style:family="paragraph" style:parent-style-name="Standard"><style:text-properties fo:language="en" fo:country="GB" officeooo:rsid="000df22f" officeooo:paragraph-rsid="000df22f"/></style:style><style:style style:name="P4" style:family="paragraph" style:parent-style-name="Standard"><style:paragraph-properties fo:text-align="center" style:justify-single-word="false"/><style:text-properties fo:language="en" fo:country="GB" fo:font-weight="bold" officeooo:rsid="00226296" officeooo:paragraph-rsid="00226296" style:font-weight-asian="bold" style:font-weight-complex="bold"/></style:style><style:style style:name="P5" style:family="paragraph" style:parent-style-name="Text_20_body"><style:text-properties fo:language="en" fo:country="GB"/></style:style><style:style style:name="P6" style:family="paragraph" style:parent-style-name="Text_20_body"><style:text-properties fo:language="en" fo:country="GB" officeooo:rsid="000df22f" officeooo:paragraph-rsid="000df22f"/></style:style><style:style style:name="P7" style:family="paragraph" style:parent-style-name="Title"><style:text-properties fo:language="en" fo:country="GB"/></style:style><style:style style:name="P8" style:family="paragraph" style:parent-style-name="Heading_20_1"><style:text-properties fo:language="en" fo:country="GB"/></style:style><style:style style:name="P9" style:family="paragraph" style:parent-style-name="Table_20_Contents"><style:text-properties fo:language="en" fo:country="GB"/></style:style><style:style style:name="P10" style:family="paragraph" style:parent-style-name="Table_20_Contents"><style:paragraph-properties fo:text-align="center" style:justify-single-word="false"/><style:text-properties fo:language="en" fo:country="GB" fo:font-weight="bold" officeooo:rsid="000df22f" officeooo:paragraph-rsid="000df22f" style:font-weight-asian="bold" style:font-weight-complex="bold"/></style:style><style:style style:name="P11" style:family="paragraph" style:parent-style-name="Table_20_Contents"><style:text-properties fo:language="en" fo:country="GB" officeooo:rsid="000df22f" officeooo:paragraph-rsid="000df22f"/></style:style><style:style style:name="P12" style:family="paragraph" style:parent-style-name="Table_20_Contents"><style:text-properties fo:language="en" fo:country="GB" officeooo:rsid="001bd031" officeooo:paragraph-rsid="001bd031"/></style:style><style:style style:name="P13" style:family="paragraph"><style:paragraph-properties fo:text-align="center"/><style:text-properties style:text-line-through-style="none" style:text-line-through-type="none" style:font-name="Liberation Sans" fo:font-size="12pt" fo:font-style="normal" style:text-underline-style="none" fo:font-weight="normal"/></style:style><style:style style:name="T1" style:family="text"><style:text-properties officeooo:rsid="000df22f"/></style:style><style:style style:name="gr1" style:family="graphic"><style:graphic-properties style:wrap="run-through" style:number-wrapped-paragraphs="no-limit" style:vertical-pos="from-top" style:vertical-rel="paragraph" style:horizontal-pos="from-left" style:horizontal-rel="paragraph" draw:wrap-influence-on-position="once-concurrent" style:flow-with-text="false"/></style:style></office:automatic-styles><office:body><office:text><office:forms form:automatic-focus="false" form:apply-design-mode="false"><form:form form:name="Formulaire" form:apply-filter="true" form:command-type="table" form:control-implementation="ooo:com.sun.star.form.component.Form" office:target-frame="" xlink:href="" xlink:type="simple"><form:properties><form:property form:property-name="PropertyChangeNotificationEnabled" office:value-type="boolean" office:boolean-value="true"/></form:properties><form:button form:name="Bouton 1" form:control-implementation="ooo:com.sun.star.form.component.CommandButton" xml:id="control1" form:id="control1" form:label="Generate Extension" office:target-frame="" xlink:href="" form:image-data="" form:delay-for-repeat="PT0.050000000S" form:image-position="center"><form:properties><form:property form:property-name="DefaultControl" office:value-type="string" office:string-value="com.sun.star.form.control.CommandButton"/></form:properties><office:event-listeners><script:event-listener script:language="ooo:script" script:event-name="form:performaction" xlink:href="vnd.sun.star.script:ext_gen.py$generate_extension_launcher?language=Python&amp;location=document" xlink:type="simple"/></office:event-listeners></form:button></form:form></office:forms><text:sequence-decls><text:sequence-decl text:display-outline-level="0" text:name="Illustration"/><text:sequence-decl text:display-outline-level="0" text:name="Table"/><text:sequence-decl text:display-outline-level="0" text:name="Text"/><text:sequence-decl text:display-outline-level="0" text:name="Drawing"/></text:sequence-decls><text:p text:style-name="P7">Extension Generator</text:p><text:p text:style-name="P1"/><text:h text:style-name="P8" text:outline-level="1">General Vars</text:h><text:p text:style-name="P6">Replace default values in the second column with yours.</text:p><table:table table:name="description_table" table:style-name="description_5f_table"><table:table-column table:style-name="description_5f_table.A" table:number-columns-repeated="3"/><table:table-row><table:table-cell table:style-name="description_5f_table.A1" office:value-type="string"><text:p text:style-name="P10">Keys</text:p></table:table-cell><table:table-cell table:style-name="description_5f_table.A1" office:value-type="string"><text:p text:style-name="P10">Your Values</text:p></table:table-cell><table:table-cell table:style-name="description_5f_table.C1" office:value-type="string"><text:p text:style-name="P10">Note</text:p></table:table-cell></table:table-row><table:table-row><table:table-cell table:style-name="description_5f_table.A2" office:value-type="string"><text:p text:style-name="P11">extension_name</text:p></table:table-cell><table:table-cell table:style-name="description_5f_table.A2" office:value-type="string"><text:p text:style-name="P12">JOJO</text:p></table:table-cell><table:table-cell table:style-name="description_5f_table.C2" office:value-type="string"><text:p text:style-name="P11">no blank space</text:p></table:table-cell></table:table-row><table:table-row><table:table-cell table:style-name="description_5f_table.A2" office:value-type="string"><text:p text:style-name="P11">extension_label</text:p></table:table-cell><table:table-cell table:style-name="description_5f_table.A2" office:value-type="string"><text:p text:style-name="P12">Jojo Extension</text:p></table:table-cell><table:table-cell table:style-name="description_5f_table.C2" office:value-type="string"><text:p text:style-name="P11">Will be displayed in menu</text:p></table:table-cell></table:table-row><table:table-row><table:table-cell table:style-name="description_5f_table.A2" office:value-type="string"><text:p text:style-name="P11">extension_version</text:p></table:table-cell><table:table-cell table:style-name="description_5f_table.A2" office:value-type="string"><text:p text:style-name="P11">0.0.1</text:p></table:table-cell><table:table-cell table:style-name="description_5f_table.C2" office:value-type="string"><text:p text:style-name="P11"/></table:table-cell></table:table-row><table:table-row><table:table-cell table:style-name="description_5f_table.A2" office:value-type="string"><text:p text:style-name="P11">package_name</text:p></table:table-cell><table:table-cell table:style-name="description_5f_table.A2" office:value-type="string"><text:p text:style-name="P11">com.mycompany.my_extension</text:p></table:table-cell><table:table-cell table:style-name="description_5f_table.C2" office:value-type="string"><text:p text:style-name="P11">See the README file</text:p></table:table-cell></table:table-row><table:table-row><table:table-cell table:style-name="description_5f_table.A2" office:value-type="string"><text:p text:style-name="P11">company_name</text:p></table:table-cell><table:table-cell table:style-name="description_5f_table.A2" office:value-type="string"><text:p text:style-name="P11">Your company</text:p></table:table-cell><table:table-cell table:style-name="description_5f_table.C2" office:value-type="string"><text:p text:style-name="P11"/></table:table-cell></table:table-row><table:table-row><table:table-cell table:style-name="description_5f_table.A2" office:value-type="string"><text:p text:style-name="P11">author_name</text:p></table:table-cell><table:table-cell table:style-name="description_5f_table.A2" office:value-type="string"><text:p text:style-name="P11">Your Name</text:p></table:table-cell><table:table-cell table:style-name="description_5f_table.C2" office:value-type="string"><text:p text:style-name="P11"/></table:table-cell></table:table-row><table:table-row><table:table-cell table:style-name="description_5f_table.A2" office:value-type="string"><text:p text:style-name="P11">author_email</text:p></table:table-cell><table:table-cell table:style-name="description_5f_table.A2" office:value-type="string"><text:p text:style-name="P11">Your E-mail</text:p></table:table-cell><table:table-cell table:style-name="description_5f_table.C2" office:value-type="string"><text:p text:style-name="P11"/></table:table-cell></table:table-row><table:table-row><table:table-cell table:style-name="description_5f_table.A2" office:value-type="string"><text:p text:style-name="P11">update_url</text:p></table:table-cell><table:table-cell table:style-name="description_5f_table.A2" office:value-type="string"><text:p text:style-name="P11">url_to_update.xml</text:p></table:table-cell><table:table-cell table:style-name="description_5f_table.C2" office:value-type="string"><text:p text:style-name="P11"/></table:table-cell></table:table-row><table:table-row><table:table-cell table:style-name="description_5f_table.A2" office:value-type="string"><text:p text:style-name="P11">publisher_url</text:p></table:table-cell><table:table-cell table:style-name="description_5f_table.A2" office:value-type="string"><text:p text:style-name="P3">https://yourwebsite.com</text:p></table:table-cell><table:table-cell table:style-name="description_5f_table.C2" office:value-type="string"><text:p text:style-name="P11"/></table:table-cell></table:table-row><table:table-row><table:table-cell table:style-name="description_5f_table.A2" office:value-type="string"><text:p text:style-name="P11">image_name</text:p></table:table-cell><table:table-cell table:style-name="description_5f_table.A2" office:value-type="string"><text:p text:style-name="P3">your_logo.png</text:p></table:table-cell><table:table-cell table:style-name="description_5f_table.C2" office:value-type="string"><text:p text:style-name="P3">PNG or JPG, 42x42 pixels</text:p></table:table-cell></table:table-row></table:table><text:p text:style-name="P5"/><text:h text:style-name="P8" text:outline-level="1">MenuBar and ToolBar</text:h><table:table table:name="function_table" table:style-name="function_5f_table"><table:table-column table:style-name="function_5f_table.A"/><table:table-column table:style-name="function_5f_table.B"/><table:table-column table:style-name="function_5f_table.C"/><table:table-row><table:table-cell table:style-name="function_5f_table.A1" office:value-type="string"><text:p text:style-name="P10">Function name</text:p></table:table-cell><table:table-cell table:style-name="function_5f_table.A1" office:value-type="string"><text:p text:style-name="P10">Function label</text:p></table:table-cell><table:table-cell table:style-name="function_5f_table.C1" office:value-type="string"><text:p text:style-name="P10">Icon</text:p></table:table-cell></table:table-row><table:table-row><table:table-cell table:style-name="function_5f_table.A2" office:value-type="string"><text:p text:style-name="P1">extension_launcher</text:p></table:table-cell><table:table-cell table:style-name="function_5f_table.A2" office:value-type="string"><text:p text:style-name="P11">My function</text:p></table:table-cell><table:table-cell table:style-name="function_5f_table.C2" office:value-type="string"><text:p text:style-name="P11">icon.jpg</text:p></table:table-cell></table:table-row><table:table-row><table:table-cell table:style-name="function_5f_table.A2" office:value-type="string"><text:p text:style-name="P9"/></table:table-cell><table:table-cell table:style-name="function_5f_table.A2" office:value-type="string"><text:p text:style-name="P9"/></table:table-cell><table:table-cell table:style-name="function_5f_table.C2" office:value-type="string"><text:p text:style-name="P9"/></table:table-cell></table:table-row></table:table><text:p text:style-name="P2"/><text:h text:style-name="P8" text:outline-level="1"><text:span text:style-name="T1">Options v</text:span>ariable that need a Dialog Box</text:h><table:table table:name="option_table" table:style-name="option_5f_table"><table:table-column table:style-name="option_5f_table.A"/><table:table-column table:style-name="option_5f_table.B"/><table:table-column table:style-name="option_5f_table.C"/><table:table-column table:style-name="option_5f_table.D"/><table:table-row><table:table-cell table:style-name="option_5f_table.A1" office:value-type="string"><text:p text:style-name="P10">Name</text:p></table:table-cell><table:table-cell table:style-name="option_5f_table.A1" office:value-type="string"><text:p text:style-name="P10">Label</text:p></table:table-cell><table:table-cell table:style-name="option_5f_table.A1" office:value-type="string"><text:p text:style-name="P10">Type</text:p></table:table-cell><table:table-cell table:style-name="option_5f_table.D1" office:value-type="string"><text:p text:style-name="P10">Default value</text:p></table:table-cell></table:table-row><table:table-row><table:table-cell table:style-name="option_5f_table.A2" office:value-type="string"><text:p text:style-name="P11">test_mode</text:p></table:table-cell><table:table-cell table:style-name="option_5f_table.A2" office:value-type="string"><text:p text:style-name="P11">Test mode</text:p></table:table-cell><table:table-cell table:style-name="option_5f_table.A2" office:value-type="string"><text:p text:style-name="P11">boolean</text:p></table:table-cell><table:table-cell table:style-name="option_5f_table.D2" office:value-type="string"><text:p text:style-name="P11">true</text:p></table:table-cell></table:table-row><table:table-row><table:table-cell table:style-name="option_5f_table.A2" office:value-type="string"><text:p text:style-name="P11">token</text:p></table:table-cell><table:table-cell table:style-name="option_5f_table.A2" office:value-type="string"><text:p text:style-name="P11">Token</text:p></table:table-cell><table:table-cell table:style-name="option_5f_table.A2" office:value-type="string"><text:p text:style-name="P11">string</text:p></table:table-cell><table:table-cell table:style-name="option_5f_table.D2" office:value-type="string"><text:p text:style-name="P11">Find a valid token</text:p></table:table-cell></table:table-row><table:table-row><table:table-cell table:style-name="option_5f_table.A2" office:value-type="string"><text:p text:style-name="P11">url</text:p></table:table-cell><table:table-cell table:style-name="option_5f_table.A2" office:value-type="string"><text:p text:style-name="P11">URL</text:p></table:table-cell><table:table-cell table:style-name="option_5f_table.A2" office:value-type="string"><text:p text:style-name="P11">string</text:p></table:table-cell><table:table-cell table:style-name="option_5f_table.D2" office:value-type="string"><text:p text:style-name="P3">https://my_webservice.com</text:p></table:table-cell></table:table-row></table:table><text:p text:style-name="P1"/><text:p text:style-name="P1"/><text:p text:style-name="P4">Extension will be created in the same directory as this current file.</text:p><text:p text:style-name="P1"><draw:control text:anchor-type="paragraph" draw:z-index="0" draw:name="Forme1" draw:style-name="gr1" draw:text-style-name="P13" svg:width="7.048cm" svg:height="1.251cm" svg:x="4.494cm" svg:y="0.515cm" draw:control="control1"/></text:p></office:text></office:body></office:document-content>