<?xml version="1.0" encoding="UTF-8"?>
<office:document-meta xmlns:office="urn:oasis:names:tc:opendocument:xmlns:office:1.0" xmlns:xlink="http://www.w3.org/1999/xlink" xmlns:dc="http://purl.org/dc/elements/1.1/" xmlns:meta="urn:oasis:names:tc:opendocument:xmlns:meta:1.0" xmlns:ooo="http://openoffice.org/2004/office" xmlns:grddl="http://www.w3.org/2003/g/data-view#" office:version="1.2"><office:meta><meta:creation-date>2019-03-31T19:08:24.410367532</meta:creation-date><meta:editing-duration>PT10M21S</meta:editing-duration><meta:editing-cycles>11</meta:editing-cycles><meta:generator>LibreOffice/6.0.7.3$Linux_X86_64 LibreOffice_project/00m0$Build-3</meta:generator><meta:initial-creator>Bastien Roques</meta:initial-creator><dc:date>2019-04-02T08:44:46.089409523</dc:date><dc:creator>Bastien Roques</dc:creator><meta:document-statistic meta:table-count="3" meta:image-count="0" meta:object-count="0" meta:page-count="1" meta:paragraph-count="55" meta:word-count="110" meta:character-count="768" meta:non-whitespace-character-count="713"/></office:meta></office:document-meta>